0.0,0.19837657,0.0,0.02254546,0.014705882,1.0,16.0,0
0.0,0.0,9.308552,0.005782444,3.0200601e-06,-1.0,0.0,0
0.0,0.0,9.308552,0.005782444,3.0200601e-06,-1.0,0.0,0
11.992127,0.11823738,3.4628346,0.017336734,0.05084401,0.0,23.0,0
8.298727,0.0,0.0,0.01916031,0.018750183,1.0,0.0,0
0.0,0.0,0.0,0.016849436,0.02042667,1.0,1.0,0
0.0,0.0,7.153435,0.021483498,0.019258115,-1.0,20.0,0
0.0,0.0,0.0,0.016623026,0.012112681,1.0,1.0,0
0.0,0.0,1.0201997,0.01476726,0.023267066,1.0,1.0,0
0.0,0.0,0.0,0.017301964,0.057647057,1.0,0.0,0
0.0,0.0,1.3274363,0.010783897,0.0115954345,1.0,0.0,0
0.0,0.0,0.38039023,0.028745601,0.03223805,-1.0,9.0,0
0.0,0.0,0.4487402,1e-06,1e-06,-1.0,12.0,0
0.0,0.0,0.0,1e-06,0.06693271,0.0,23.0,0
0.0,0.0,0.0,1e-06,0.017310232,-1.0,1.0,0
0.0,0.13530283,0.0,0.016671607,0.015791759,0.0,6.0,0
7.301506,0.0,2.2135944,0.014754422,0.018179236,0.0,4.0,0
0.0,0.20707366,0.0,0.021349786,0.021491472,0.0,2.0,0
0.0,0.0,0.0,0.017114304,0.017341366,0.0,12.0,0
0.0,0.0,0.0,0.009496615,0.010626834,0.0,7.0,0
0.0,0.013998116,0.5902386,0.01678694,0.017374502,0.0,11.0,0
0.0,0.0,0.0,0.017206132,0.019607844,1.0,18.0,0
18.380564,0.031903267,3.9970388,0.053382065,0.061574478,1.0,23.0,0
0.0,0.0,0.0,0.016671384,0.02565565,1.0,4.0,0
22.361841,0.05299464,4.800514,0.009381617,0.013607036,-1.0,10.0,0
0.0,0.0,0.0,0.014738449,0.012876882,0.0,12.0,0
0.0,0.0,0.0,0.015590695,0.043449953,1.0,6.0,0
0.0,0.0,0.0,0.005421099,0.029235039,0.0,9.0,0
0.0,0.07288791,0.0,0.01572497,0.016354099,-1.0,1.0,0
15.13137,0.03467966,4.8559732,0.009345794,0.14939632,1.0,5.0,0
0.0,0.0,0.0,0.016645957,0.14296097,-1.0,21.0,0
0.0,0.0,0.0,0.016645957,0.14296097,-1.0,21.0,0
0.0,0.0,0.0,0.029310005,0.024361564,1.0,12.0,0
0.0,0.20771845,0.0,0.012005869,0.016141344,1.0,8.0,0
0.0,0.0,0.0,0.016849436,0.024641294,0.0,1.0,0
0.0,0.0,2.6474133,0.044445608,0.008203057,0.0,6.0,0
0.0,0.0,2.6474133,0.044445608,0.008203057,0.0,6.0,0
31.7891,0.031698443,7.203991,0.017005373,0.17748761,-1.0,5.0,0
0.0,0.06137943,0.0,0.011305025,0.013133875,-1.0,8.0,0
14.888767,0.08433949,3.7221918,0.011305025,0.013133875,-1.0,0.0,0
14.888767,0.08433949,3.7221918,0.011305025,0.013133875,-1.0,0.0,0
0.0,0.0,0.0,0.01724138,0.02021339,1.0,13.0,0
0.0,0.17703697,0.0,0.010646895,0.0120997,0.0,7.0,0
0.0,0.0,0.0,0.006162801,0.007262751,1.0,0.0,0
0.0,0.11409472,0.0,1e-06,0.032438856,-1.0,1.0,0
0.0,0.0,0.0,0.0057435995,0.006486975,1.0,4.0,0
0.0,0.0,0.0,0.026355602,0.09274239,0.0,3.0,1
0.0,0.0,0.0,0.026355602,0.09274239,0.0,3.0,0
39.655647,0.08979922,6.972989,0.009732754,0.010509829,-1.0,1.0,0
43.2207,0.08285909,13.103199,0.027279133,0.19690348,-1.0,1.0,0
0.0,0.0,0.0,0.015788676,0.024572851,1.0,1.0,0
0.0,0.043444972,2.1071389,0.016980976,0.021633381,-1.0,1.0,0
0.0,0.0,0.0,0.013157895,0.018867925,0.0,10.0,0
14.288717,0.0,4.4611554,0.0117493505,0.014802919,0.0,0.0,1
14.288717,0.0,4.4611554,0.0117493505,0.014802919,0.0,0.0,0
14.288717,0.0,4.4611554,0.0117493505,0.014802919,0.0,0.0,1
14.288717,0.0,4.4611554,0.0117493505,0.014802919,0.0,0.0,1
14.288717,0.0,4.4611554,0.0117493505,0.014802919,0.0,0.0,1
0.0,0.0,3.5186992,0.0127737,0.061304998,-1.0,7.0,0
0.0,0.0,0.0,0.015961455,0.010428619,1.0,5.0,0
0.0,0.0,0.0,0.014895643,0.016418241,-1.0,13.0,0
0.0,0.0,0.0,0.015788676,0.022739485,0.0,1.0,0
10.223793,0.039520144,3.0993543,0.01639324,0.022879565,1.0,13.0,0
0.0,0.0,0.0,0.037457503,0.042033527,1.0,9.0,0
0.0,0.0,0.0,0.01583196,0.02173913,1.0,12.0,1
0.0,0.0,0.0,0.01583196,0.02173913,1.0,12.0,1
0.0,0.0,0.0,0.01583196,0.02173913,1.0,12.0,0
24.685165,0.0,5.3364534,0.04644736,0.21418421,1.0,2.0,1
24.685165,0.0,5.3364534,0.04644736,0.21418421,1.0,2.0,0
0.0,0.644783,0.052838195,0.012541378,0.11431149,1.0,17.0,0
0.0,0.0,2.8891551,0.011465843,0.011363637,0.0,16.0,0
0.0,0.0,0.0,0.03726151,0.028131355,1.0,15.0,0
0.0,0.0,2.5900128,0.03303518,0.035273127,0.0,27.0,0
0.0,0.0,0.0,0.009425506,0.031379018,1.0,17.0,0
18.218554,1.503765,4.5546384,0.03908167,0.03231506,0.0,25.0,0
0.0,0.0,0.0,0.017206132,0.02656747,1.0,1.0,0
17.300793,0.051099744,0.0,0.015366703,0.036583953,0.0,12.0,0
0.0,0.011910976,3.2398129,1e-06,0.018343506,1.0,14.0,0
0.0,0.0,2.0910993,1e-06,1e-06,0.0,2.0,0
0.0,0.0,0.68099916,1e-06,0.12212887,-1.0,0.0,0
0.0,0.0,0.0,0.01018073,0.018062742,0.0,0.0,1
0.0,0.0,0.0,0.01018073,0.018062742,0.0,0.0,0
0.0,0.03753609,3.2244308,0.04517142,0.054477274,-1.0,6.0,1
0.0,0.03753609,3.2244308,0.04517142,0.054477274,-1.0,6.0,0
0.0,0.03753609,3.2244308,0.04517142,0.054477274,-1.0,6.0,0
3.229553,0.009699138,2.138839,0.013082662,0.026212921,0.0,1.0,0
0.0,0.0,0.0,0.011618471,0.014495426,0.0,13.0,0
0.0,0.0,1.4083209,0.010146366,0.008826861,0.0,8.0,0
0.0,0.0,0.0,0.010921695,0.022055618,0.0,10.0,0
0.0,0.15220575,0.0,0.017135352,0.017314209,0.0,1.0,0
0.0,0.0,0.0,0.017301964,0.022360465,1.0,1.0,0
8.210199,0.0,2.4884324,0.01639324,0.015917454,0.0,1.0,0
0.0,0.0,0.0,0.016885936,0.029960308,0.0,1.0,0
0.0,0.0,5.6600733,0.031618316,0.04255317,-1.0,20.0,0
0.0,0.0,0.060991846,0.06257277,0.06733559,-1.0,22.0,0
0.0,0.0,0.0,0.028844507,0.029790228,1.0,28.0,0
0.0,0.0,0.0,0.009703562,0.009751215,1.0,2.0,0
18.400007,0.3846779,0.0,0.011387299,0.06484421,0.0,1.0,0
18.604343,0.3902767,0.0,0.011849555,0.069604635,0.0,2.0,0
35.442467,0.076732375,7.6905212,0.025477938,0.18747441,1.0,8.0,0
35.442467,0.076732375,7.6905212,0.025477938,0.18747441,1.0,8.0,0
0.0,0.0,0.0,0.025192672,0.029991277,0.0,2.0,0
0.0,0.0,0.07143235,0.018656513,0.02014604,1.0,6.0,0
0.0,0.0,0.0,0.015788676,0.05651731,1.0,5.0,0
0.0,0.0,1.6978471,0.017099673,0.017615004,0.0,17.0,0
0.0,0.9234818,2.9366279,0.06200263,0.1095868,-1.0,6.0,0
20.610355,0.0,4.4712663,0.015061565,0.013400706,1.0,14.0,0
0.0,0.0,4.5713363,0.015522897,0.0121951215,0.0,1.0,0
0.0,0.0,0.5313818,0.012987013,0.013513514,1.0,6.0,0
0.0,0.0,0.5313818,0.012987013,0.013513514,1.0,6.0,0
26.804707,0.08543571,4.885251,0.0062111802,0.14461981,0.0,9.0,0
0.0,0.49696872,0.059178554,0.014298386,0.012669347,1.0,12.0,0
0.0,0.0,0.07070209,0.022516012,0.01754386,1.0,17.0,0
0.0,0.0,3.4447715,0.01377735,0.011779801,1.0,24.0,0
0.0,0.0,0.0,0.015788676,0.051723216,1.0,26.0,0
0.0,0.079842284,0.0,0.012850179,0.009615385,1.0,0.0,0
0.0,0.0,0.0,0.016885936,0.035563532,1.0,2.0,1
0.0,0.0,0.0,0.016885936,0.035563532,1.0,2.0,0
0.0,0.0,0.0,0.009790368,0.009258714,0.0,3.0,0
0.0,0.0,0.74847776,1e-06,1e-06,0.0,13.0,0
15.68783,0.0,0.0,0.019372819,0.02474757,1.0,1.0,0
0.0,0.0,1.4857821,0.028111028,0.02192006,-1.0,25.0,1
0.0,0.0,1.4857821,0.028111028,0.02192006,-1.0,25.0,0
0.0,0.0,1.5126414,0.030575093,0.022333646,-1.0,1.0,0
0.0,0.0,0.0,0.014811981,0.022891736,1.0,3.0,0
0.0,0.0,0.621485,0.00648466,0.0050326944,1.0,12.0,0
30.928669,0.045618977,5.469063,0.05544056,0.27537408,-1.0,28.0,1
30.928669,0.045618977,5.469063,0.05544056,0.27537408,-1.0,28.0,0
0.0,0.0,0.0,0.019572401,0.050557505,0.0,13.0,0
0.0,0.0,1.5353507,0.009427575,0.031466704,0.0,2.0,0
0.0,0.017812693,1.6996022,0.008234988,0.0065571824,0.0,1.0,0
0.0,0.18534811,0.0,0.015041775,0.017487884,-1.0,27.0,0
0.0,0.0,3.613399,0.011857446,0.007236058,0.0,4.0,0
0.0,0.0,0.0,0.010170959,0.00990099,1.0,3.0,0
10.342585,0.0,4.2572074,0.034845643,0.03203928,0.0,34.0,0
30.451908,2.0884905,5.491552,0.021350613,0.01813013,-1.0,17.0,0
0.0,0.0,0.0,0.017905805,0.018009827,0.0,2.0,0
0.0,0.0,2.6056993,0.015791213,0.01644157,-1.0,3.0,0
0.0,0.0,0.07964963,0.01618717,0.02715031,1.0,6.0,0
0.0,0.0,0.0,0.027396586,0.09970887,-1.0,26.0,0
0.0,0.0,9.290894,0.007751938,0.0105843125,-1.0,9.0,0
0.0,0.0,0.0,0.018592592,0.03433586,0.0,6.0,1
0.0,0.0,0.0,0.018592592,0.03433586,0.0,6.0,0
0.0,0.15354773,0.012480248,0.014877373,0.010757603,0.0,7.0,0
5.9875712,0.017020408,2.0437639,0.013151488,0.033983298,0.0,17.0,0
0.0,0.0,0.0,0.017047506,0.084337495,1.0,7.0,0
0.0,0.0,0.0,0.031611,0.0356153,1.0,15.0,0
0.0,0.029178172,0.0,0.012236729,0.012620847,0.0,1.0,0
0.0,0.029178172,0.0,0.012236729,0.012620847,0.0,1.0,0
0.0,0.2182381,0.017769957,0.010862528,0.01012385,0.0,1.0,0
0.0,0.16610606,0.0,0.024639064,0.0264778,1.0,8.0,0
0.0,0.08105186,0.0,0.021423358,0.017492063,-1.0,1.0,0
0.0,1.1685067,0.15073001,0.024472682,0.027331552,-1.0,4.0,0
20.863775,0.07138654,4.617317,0.015573706,0.013791365,-1.0,5.0,0
8.067945,0.033630908,2.4970703,0.017693559,0.016773572,1.0,2.0,0
0.0,0.0,0.0,0.011498131,0.010723985,0.0,1.0,0
0.0,0.0,1.9035616,0.016910302,0.03608816,1.0,5.0,0
0.0,0.0,0.0,0.017394252,0.047064953,1.0,3.0,0
0.0,0.0,0.0,0.0077562258,0.02041192,0.0,1.0,1
0.0,0.0,0.0,0.0077562258,0.02041192,0.0,1.0,1
0.0,0.0,0.0,0.0077562258,0.02041192,0.0,1.0,0
0.0,0.0,7.7943053,1e-06,1e-06,0.0,143.0,0
0.0,0.0,1.9553283,1e-06,1e-06,0.0,1.0,0
0.0,0.0,2.6078775,1e-06,1e-06,0.0,0.0,0
0.0,0.0,0.0,0.017206132,0.029996715,1.0,6.0,0
0.0,0.0,0.0,0.02358606,0.0337309,1.0,20.0,0
0.0,0.0,7.4205213,0.0075004455,0.0040650405,-1.0,18.0,0
0.0,0.014494836,4.0716095,0.0046948357,0.011764953,0.0,6.0,0
0.0,0.014494836,4.0716095,0.0046948357,0.011764953,0.0,6.0,0
0.0,0.0,1.27295,0.014507702,0.012802513,0.0,3.0,0
0.0,0.17057669,0.0,0.018665701,0.016115306,0.0,6.0,0
0.0,0.0,0.0,0.018827755,0.062153544,1.0,0.0,0
0.0,0.0,0.073249206,0.009927181,0.00884515,1.0,12.0,0
0.0,0.0,0.8762445,0.00640453,0.007351615,1.0,9.0,0
0.0,0.0,3.3292642,0.010635897,0.0041100113,0.0,8.0,0
0.0,0.0,3.3782537,0.010635897,0.021993548,0.0,14.0,0
25.173738,0.0,5.457157,0.00877193,0.006134969,0.0,25.0,0
13.5091715,0.019381642,0.0,0.016633589,0.020568173,0.0,16.0,0
0.0,0.0,0.0,0.015788676,0.044197507,0.0,1.0,0
21.757944,0.01966977,4.6769123,0.049594253,0.10286676,-1.0,24.0,1
21.757944,0.01966977,4.6769123,0.049594253,0.10286676,-1.0,24.0,0
21.757944,0.01966977,4.6769123,0.049594253,0.10286676,-1.0,24.0,0
0.0,0.0,0.0,0.011113059,0.01344157,1.0,3.0,0
0.0,0.1348826,0.0,0.019836463,0.014285714,1.0,1.0,0
0.0,0.0,0.0,0.011033422,0.017918268,1.0,26.0,0
0.0,0.0,0.0,0.0097198235,0.00899522,0.0,24.0,0
0.0,0.01981625,1.6941539,0.021231981,0.021553678,0.0,4.0,0
0.0,0.0,0.77358234,0.007988183,0.0058479533,1.0,5.0,0
0.0,0.0,1.0425198,0.015882451,0.016713692,1.0,37.0,0
12.550215,0.03061143,3.804843,0.012236729,0.031999823,0.0,3.0,0
19.67327,0.11318808,4.221863,0.009587903,0.007704567,0.0,3.0,0
0.0,0.0,0.0,0.01369863,0.014285714,0.0,7.0,0
22.355158,0.0,4.9265795,0.015625,0.0121951215,-1.0,1.0,0
0.0,0.0,0.0,0.0019831134,0.003215434,1.0,22.0,0
0.0,0.0,1.2740632,0.011270808,0.013747892,1.0,3.0,0
0.0,0.0,0.0,0.013003017,0.03694064,1.0,13.0,0
0.0,0.0,5.5472193,0.020485498,0.027226774,-1.0,8.0,0
0.0,0.0,0.0,0.013243096,0.015244959,1.0,3.0,0
0.0,0.0,0.0,0.011105345,0.021402698,0.0,14.0,0
0.0,0.0,0.0,0.0234579,0.036256824,1.0,22.0,1
0.0,0.0,0.0,0.0234579,0.036256824,1.0,22.0,0
0.0,0.0,0.0,0.024741514,0.035101216,0.0,2.0,0
0.0,0.0,0.0,0.014811981,0.014705882,0.0,3.0,0
0.0,0.0,0.41013163,0.020391464,0.06985227,1.0,6.0,0
0.0,0.0,0.0,0.020759081,0.01923077,1.0,12.0,0
0.0,0.0,1.8199662,1e-06,0.0030566666,-1.0,4.0,0
0.0,0.0,3.724414,1e-06,0.05331452,-1.0,0.0,0
14.15044,0.23054874,3.53761,0.01060003,0.00880544,0.0,6.0,0
0.0,0.0,2.146137,0.0077898214,0.0064591086,0.0,19.0,0
0.0,0.17394778,0.0,0.009803922,0.009433962,0.0,12.0,0
0.0,0.0,2.874984,1e-06,0.09057117,-1.0,12.0,0
0.0,0.0,0.0,0.017381158,0.01680525,1.0,3.0,0
0.0,0.085613586,0.0,0.0146553675,0.01828932,1.0,1.0,0
0.0,0.057978082,1.1279411,0.021137597,0.016666668,1.0,12.0,0
0.0,0.0,1.8299272,0.011904762,0.013157895,0.0,28.0,0
0.0,0.0,0.0,0.025718942,0.023937546,0.0,7.0,0
0.0,0.0,0.0,0.023822056,0.015066929,0.0,19.0,0
0.0,0.0,0.0,0.013769602,0.0139964195,1.0,14.0,0
0.0,0.0,0.77000105,0.0130701,0.012118771,0.0,14.0,0
0.0,0.0,6.333815,0.004878049,0.005,1.0,7.0,0
0.0,0.0,0.0,0.015788676,0.016393442,1.0,174.0,0
5.725567,0.015465048,1.7358174,0.0148489615,0.025011206,0.0,2.0,0
0.0,0.0,0.0,0.009837199,0.0072605205,0.0,26.0,0
0.0,0.0,0.0,1e-06,0.033988867,-1.0,16.0,0
10.3497505,0.11135605,2.5874376,0.016014839,0.0154286,1.0,7.0,0
0.0,0.0,0.7597351,1e-06,0.009707578,1.0,12.0,0
23.653376,0.24447446,5.913344,0.013437457,0.09796194,0.0,1.0,0
19.266642,0.054948,5.972002,0.012012649,0.105187304,0.0,3.0,0
0.0,0.0,3.2116404,0.018181818,0.07317684,1.0,25.0,0
0.0,0.0,0.07051833,0.013625573,0.015244959,-1.0,2.0,0
0.0,0.0,0.07051833,0.013625573,0.015244959,-1.0,2.0,0
0.0,0.0,0.07051833,0.013625573,0.015244959,-1.0,2.0,0
0.0,0.0,0.0,0.019076455,0.03924018,0.0,15.0,0
0.0,0.0,4.885208,1e-06,0.023255814,-1.0,27.0,0
0.0,0.0,1.6503339,0.013577879,0.0117057655,1.0,1.0,0
0.0,0.056406297,2.1644611,0.021063201,0.06678385,0.0,23.0,1
0.0,0.056406297,2.1644611,0.021063201,0.06678385,0.0,23.0,0
0.0,0.0,0.22869822,1e-06,0.026445512,-1.0,8.0,1
0.0,0.0,0.22869822,1e-06,0.026445512,-1.0,8.0,0
0.0,0.0,0.0,0.01590275,0.027791796,1.0,0.0,0
0.0,0.0,0.0,0.017047506,0.021523414,1.0,0.0,0
0.0,0.0,0.0,0.009448378,0.027696881,0.0,13.0,0
10.360879,0.04258869,0.0,0.01896124,0.018533707,1.0,12.0,0
10.331706,0.04247446,0.0,0.020499585,0.020784307,1.0,12.0,0
10.305528,0.042406403,0.0,0.01896124,0.018533707,1.0,12.0,0
0.0,0.13828252,0.0,0.02250018,0.030554976,0.0,3.0,0
0.0,0.0,7.071683,1e-06,1e-06,-1.0,26.0,0
0.0,0.0,7.086472,1e-06,1e-06,-1.0,26.0,0
0.0,0.0,7.046378,1e-06,1e-06,-1.0,26.0,1
0.0,0.0,7.046378,1e-06,1e-06,-1.0,26.0,0
0.0,0.0,5.725016,0.044837296,0.03797701,-1.0,23.0,0
37.73583,0.0,6.528613,0.023499448,0.03443504,-1.0,11.0,0
0.0,0.0,1.6026276,0.0033333334,0.0034509716,0.0,7.0,0
0.0,0.0,0.0,0.015686989,0.028089572,1.0,1.0,0
0.0,0.0,0.0,0.018737076,0.017752182,1.0,4.0,0
0.0,0.0,0.0,0.016413184,0.014089119,-1.0,24.0,0
27.127512,0.03706349,5.9997377,0.012147802,0.1342368,0.0,0.0,0
27.127512,0.03706349,5.9997377,0.012147802,0.1342368,0.0,0.0,1
0.0,0.0,0.0,0.00996275,0.010831983,0.0,17.0,0
10.836036,0.3134486,3.5209742,0.015552624,0.07268148,0.0,10.0,0
0.0,0.0,0.0,0.0129971905,0.011879566,1.0,5.0,0
0.0,0.0,1.179563,0.05157353,0.05654161,1.0,21.0,0
0.0,0.090968,0.0,0.016532099,0.016595779,1.0,12.0,0
17.930878,0.09066477,3.911808,0.026651168,0.030728607,-1.0,21.0,1
17.930878,0.09066477,3.911808,0.026651168,0.030728607,-1.0,21.0,0
0.0,0.0,0.0,0.010760174,0.01294432,-1.0,2.0,0
0.0,0.0,0.0,0.005376344,0.002774636,1.0,2.0,0
0.0,0.0,0.0,0.016849436,0.06174572,0.0,0.0,0
0.0,0.0,0.0,0.017206132,0.05331815,0.0,6.0,0
0.0,0.0,0.0,0.017206132,0.018181818,0.0,0.0,0
27.028654,0.3261486,4.7781086,0.01645474,0.08903266,0.0,26.0,0
0.0,0.0,4.797547,0.012974119,0.012023292,0.0,3.0,0
0.0,0.0,1.4217505,1e-06,1e-06,-1.0,2.0,0
0.0,0.0,0.5333244,0.027156532,0.020261085,-1.0,6.0,0
0.0,0.0,0.0,0.014811981,0.017139522,1.0,74.0,0
8.077735,0.023569798,2.4484286,0.016888442,0.047343377,0.0,16.0,0
0.0,0.0,0.0,0.009943644,0.0062939697,1.0,4.0,1
0.0,0.0,0.0,0.009943644,0.0062939697,1.0,4.0,0
9.767559,0.0,0.0,0.0134982085,0.008196721,0.0,0.0,1
9.767559,0.0,0.0,0.0134982085,0.008196721,0.0,0.0,0
0.0,0.0,0.0,0.010439138,0.014304938,0.0,9.0,0
0.0,0.13787381,0.0,0.018495986,0.010475074,0.0,8.0,1
0.0,0.13787381,0.0,0.018495986,0.010475074,0.0,8.0,0
0.0,0.13787381,0.0,0.018495986,0.010475074,0.0,8.0,0
0.0,0.0,0.0,0.007862209,0.006779821,1.0,13.0,0
0.0,0.0,0.0,0.016885936,0.08551924,0.0,1.0,0
0.0,0.0,0.0,0.016885936,0.08551924,0.0,1.0,1
0.0,0.32270774,0.018548071,0.0109793525,0.015413602,1.0,6.0,0
0.0,0.0,0.0,0.014811981,0.021193422,1.0,2.0,0
0.0,0.0,0.0,0.014811981,0.021193422,1.0,2.0,1
12.638457,0.035574224,3.8430293,0.026736557,0.044461552,0.0,7.0,0
0.0,0.0,1.5557232,0.017533783,0.020028844,0.0,7.0,0
0.0,0.0,2.1463218,0.017533783,0.03948128,1.0,1.0,0
0.0,0.0,0.0,0.010019042,0.01272155,1.0,11.0,0
0.0,0.0,1.3323638,0.009959758,0.006409808,0.0,4.0,0
0.0,0.0,2.0114348,0.008155666,0.008568558,1.0,3.0,0
0.0,0.0,1.3266768,1e-06,0.0048228423,0.0,7.0,0
0.0,0.0,2.8187473,1e-06,1e-06,0.0,1.0,0
0.0,0.0,2.8187473,1e-06,1e-06,0.0,1.0,1
0.0,0.0,2.8187473,1e-06,1e-06,0.0,1.0,0
0.0,0.8254611,0.10299396,0.014996546,0.015394881,1.0,11.0,0
0.0,0.0,3.4457057,1e-06,0.036847,-1.0,15.0,0
9.600269,0.0,0.0,0.01916031,0.04095284,1.0,6.0,1
9.600269,0.0,0.0,0.01916031,0.04095284,1.0,6.0,0
6.515498,0.01230101,1.9249835,0.013100519,0.01403172,1.0,28.0,0
0.0,0.39077353,0.0,0.014066462,0.019582836,0.0,6.0,0
0.0,0.0,0.074898966,0.008801237,0.017095488,1.0,10.0,0
0.0,0.0,1.88539,0.024806142,0.02533589,1.0,19.0,0
0.0,0.0,0.0,0.050571423,0.042211678,0.0,27.0,0
0.0,0.0,0.0,0.020715507,0.021884479,1.0,22.0,0
11.069939,0.0,3.3560681,0.018308371,0.01644023,1.0,13.0,0
0.0,0.0,0.91097945,0.048560772,0.06363948,-1.0,1.0,0
0.0,0.0,0.0,0.015686989,0.28404698,1.0,4.0,0
0.0,0.0,0.0,0.015686989,0.28404698,1.0,4.0,1
21.90818,0.017871065,4.7753887,0.013157052,0.19614714,0.0,21.0,0
21.90818,0.017871065,4.7753887,0.013157052,0.19614714,0.0,21.0,1
0.0,0.0,3.4432533,1e-06,1e-06,1.0,5.0,0
0.0,0.0,5.36115,0.04612494,0.16743362,-1.0,24.0,0
0.0,0.0,0.0,0.017180119,0.022087088,1.0,13.0,0
0.0,0.0,0.0,0.021723906,0.046144314,1.0,4.0,0
0.0,0.0,0.0,1e-06,0.010917179,-1.0,29.0,0
0.0,0.048425466,1.0504773,0.014802366,0.014221881,1.0,7.0,0
0.0,0.0,3.1286502,0.05464685,0.023284761,-1.0,27.0,1
0.0,0.0,3.1286502,0.05464685,0.023284761,-1.0,27.0,1
0.0,0.0,3.1286502,0.05464685,0.023284761,-1.0,27.0,0
0.0,0.0,4.760043,1e-06,1e-06,-1.0,6.0,0
10.363063,0.066041045,3.141765,0.015998129,0.013888889,0.0,0.0,0
0.0,0.0,0.0,0.014988004,0.012820513,0.0,55.0,0
0.0,0.0,0.0,0.00625,0.004347826,0.0,22.0,0
17.379889,0.059550103,6.531411,0.0091743115,0.010204081,0.0,3.0,0
0.0,0.9610542,0.13965873,0.019706279,0.072417445,0.0,2.0,0
0.0,0.9610542,0.13965873,0.019706279,0.072417445,0.0,2.0,0
37.578987,0.10734822,7.9640713,0.02974594,0.14756049,-1.0,5.0,0
0.0,0.0,1.7507238,0.0169361,0.0069400254,1.0,10.0,0
16.835285,0.1345536,4.2088213,0.018872935,0.05903386,-1.0,1.0,0
10.397208,0.02124776,3.1508973,0.015422714,0.01578847,0.0,7.0,0
0.0,0.024754021,0.0,0.013915761,0.015942562,1.0,18.0,0
0.0,0.0,0.0,0.013698246,0.010638298,1.0,12.0,0
14.746689,0.025767166,5.7908287,0.032722488,0.03599103,0.0,3.0,0
0.0,0.0,0.0,0.009470263,0.013567083,1.0,0.0,0
0.0,0.0,0.0,0.02023973,0.11094092,0.0,0.0,0
0.0,0.0,1.5954489,0.02373136,0.022856494,1.0,4.0,0
0.0,0.035032954,4.211198,0.022079006,0.021441828,-1.0,21.0,0
0.0,0.0,0.0,0.013784706,0.013157895,1.0,9.0,0
8.493703,0.21066171,2.1234257,0.015497001,0.009409189,0.0,5.0,0
0.0,0.0,2.5884678,1e-06,0.019209335,0.0,5.0,0
27.448742,0.062327046,4.8149815,0.013304304,0.009046629,1.0,23.0,0
0.0,0.0,0.34612855,1e-06,0.015945414,-1.0,15.0,0
17.713892,0.0,4.179681,1e-06,0.021807978,-1.0,2.0,0
0.0,0.0,0.0,0.0073257377,0.0085926885,0.0,2.0,0
0.0,0.0,0.0,0.0073257377,0.0085926885,0.0,2.0,1
0.0,0.0,0.0,0.017284498,0.019489648,1.0,7.0,0
0.0,0.0,0.0,1e-06,0.05884223,-1.0,4.0,0
31.253254,0.80163425,5.6270103,0.01924607,0.031941097,-1.0,3.0,0
0.0,0.0,0.0,0.013000809,0.011830482,0.0,2.0,0
0.0,0.0,4.1299014,1e-06,0.024146305,-1.0,3.0,0
14.606069,0.06254812,5.5214186,0.008845863,0.016737495,-1.0,23.0,0
0.0,0.0,0.0,0.023394741,0.02748882,-1.0,23.0,0
0.0,0.0,0.0,0.037353054,0.027503828,1.0,7.0,0
0.0,0.0,0.0,0.009102666,0.010426267,-1.0,3.0,0
0.0,0.0,2.76491,0.014436882,0.01640959,0.0,1.0,0
0.0,0.0,2.76491,0.014436882,0.01640959,0.0,1.0,1
25.19947,0.055714544,5.9594274,0.012276938,0.0151313795,-1.0,3.0,0
25.19947,0.055714544,5.9594274,0.012276938,0.0151313795,-1.0,3.0,1
25.19947,0.055714544,5.9594274,0.012276938,0.0151313795,-1.0,3.0,0
26.528847,0.24910545,3.8668175,0.02052692,0.01964243,-1.0,1.0,0
8.541189,0.053556807,2.703377,0.009672761,0.008608911,1.0,2.0,0
0.0,0.17998785,0.0,0.02285045,0.02173913,1.0,23.0,0
0.0,0.0,0.0,0.01734096,0.016949153,0.0,51.0,0
0.0,0.0,0.0,0.01734096,0.016949153,0.0,51.0,0
0.0,0.0,0.0,0.03503332,0.02748601,1.0,28.0,0
0.0,0.047940817,4.302496,0.021553371,0.019495647,1.0,22.0,0
0.0,0.108112544,0.0,0.014925373,0.014925373,-1.0,19.0,0
0.0,0.0,0.0,0.015158135,0.020633832,0.0,25.0,0
0.0,0.0,0.0,0.014811981,0.018518519,0.0,1.0,0
0.0,0.0,1.0243318,1e-06,0.012036494,0.0,19.0,0
0.0,0.0,1.0292568,0.016017064,0.008208745,0.0,12.0,0
0.0,0.0,0.0,0.017265974,0.014705882,1.0,1.0,0
0.0,0.0,0.0,0.017265974,0.014705882,1.0,1.0,1
0.0,0.0,0.07403893,1e-06,0.09489783,-1.0,17.0,0
0.0,0.0,0.47616735,1e-06,1e-06,1.0,6.0,0
0.0,0.0,0.0,0.017206132,0.023104666,1.0,0.0,0
0.0,0.0,0.0,0.017301964,0.022360465,1.0,5.0,0
18.91586,0.017586485,5.143507,0.016324293,0.16497666,1.0,27.0,0
0.0,0.09485844,0.0,0.018582754,0.021594033,1.0,1.0,0
8.232399,0.028597841,2.4953947,0.010526316,0.0046442165,-1.0,12.0,0
0.0,0.10469696,0.0,0.013286661,0.011001829,-1.0,17.0,0
0.0,0.95178527,0.16617714,0.023036055,0.026585622,0.0,2.0,1
0.0,0.95178527,0.16617714,0.023036055,0.026585622,0.0,2.0,0
0.0,0.0,0.0,0.015788676,0.024572851,0.0,0.0,0
0.0,0.0,3.2082253,0.0056039407,0.008350742,0.0,3.0,0
0.0,2.525119,0.39368096,0.02252652,0.015121912,1.0,7.0,0
0.0,0.0,0.0,0.017206132,0.021362975,1.0,1.0,0
0.0,0.0,1.3987187,1e-06,1e-06,0.0,21.0,0
0.0,0.0,0.9673778,0.008597852,0.009200607,1.0,3.0,0
0.0,0.0,0.9673778,0.008597852,0.009200607,1.0,3.0,1
0.0,0.0,0.0,0.015559089,0.023092683,0.0,15.0,0
0.0,0.0,0.0,0.036175184,0.04036389,1.0,21.0,0
10.267184,0.047839604,3.1126976,0.014432994,0.009829429,0.0,3.0,0
6.2117405,0.01520537,2.631788,0.013082662,0.030181034,-1.0,4.0,0
0.0,0.0,0.0,0.027612148,0.028127767,-1.0,13.0,0
0.0,0.27170515,0.0,0.016542293,0.01632521,1.0,18.0,0
10.59445,0.0,3.3938072,0.0062838052,0.021157244,1.0,0.0,0
0.0,0.0,0.63116306,0.009438033,0.013273418,1.0,5.0,0
3.9064026,0.0,0.0,0.01780165,0.048679784,1.0,1.0,0
0.0,0.0,0.0,0.017047506,0.015213523,0.0,0.0,0
0.0,0.0,2.4062474,0.0052981926,0.008403163,0.0,3.0,0
0.0,0.0,0.0,0.013513514,0.01369863,-1.0,10.0,0
0.0,0.0,0.0,0.009451386,0.010325023,1.0,7.0,0
0.0,0.0,0.0,0.07000818,0.38305888,-1.0,14.0,0
0.0,0.0,0.0,0.0058668614,0.012798619,1.0,26.0,0
0.0,0.0,0.0,0.015686989,0.012001954,-1.0,19.0,0
0.0,0.0,0.0,0.015686989,0.012001954,-1.0,19.0,1
0.0,0.0,0.0,0.015788676,0.03227931,1.0,0.0,0
0.0,0.0,2.4539561,0.014479688,0.029229846,0.0,13.0,0
0.0,0.0,4.1237836,0.01215068,0.010638298,-1.0,1.0,0
27.189102,0.046041615,8.242908,0.05305497,0.063020274,-1.0,14.0,0
13.194186,0.0,4.9170976,0.0048781764,0.004484305,0.0,3.0,0
15.712337,0.019907936,4.7708173,0.0058683855,0.007557858,1.0,7.0,0
0.0,0.0,0.0,0.015686989,0.07432417,0.0,10.0,0
0.0,0.0,0.0,0.015030436,0.017578363,0.0,10.0,0
0.0,0.0,0.0,0.016885936,0.028760584,1.0,2.0,0
14.399108,0.044760276,4.3653708,0.030255489,0.031584106,1.0,19.0,0
14.399108,0.044760276,4.3653708,0.030255489,0.031584106,1.0,19.0,1
0.0,0.0,0.0,0.015792683,0.016726939,0.0,0.0,0
0.0,0.0,1.6654403,1e-06,1e-06,-1.0,6.0,0
14.114868,0.85323554,3.528717,0.02168606,0.025902497,1.0,2.0,0
0.0,0.0,4.259717,1e-06,0.045285188,-1.0,1.0,0
5.6370673,0.011670339,1.6651642,0.013100519,0.01403172,0.0,4.0,0
11.471563,0.032136425,2.5165474,0.012975996,0.014259005,1.0,6.0,1
11.471563,0.032136425,2.5165474,0.012975996,0.014259005,1.0,6.0,0
27.474552,0.04525051,5.438185,0.014301061,0.30014804,0.0,22.0,0
0.0,0.018889373,3.373213,0.01737168,0.04011411,1.0,12.0,0
0.0,0.0,2.7202554,0.01799355,0.13525827,1.0,5.0,0
0.0,0.0,0.0,0.0151886465,0.008593663,-1.0,6.0,0
0.0,0.0,0.0,0.017047506,0.009186836,-1.0,1.0,0
0.0,0.0,0.0,0.016666668,0.013993929,0.0,11.0,0
0.0,0.0,0.0,0.020984547,0.18528742,0.0,15.0,0
0.0,0.0,0.073249616,1e-06,0.01952345,0.0,2.0,1
0.0,0.0,0.073249616,1e-06,0.01952345,0.0,2.0,0
0.0,0.0,0.0,0.017047506,0.02174298,1.0,4.0,0
0.0,0.0,0.0,0.017047506,0.04400457,1.0,0.0,0
0.0,0.013450227,1.3252527,0.010533497,0.009376067,0.0,5.0,0
0.0,0.0,0.0,0.017301964,0.035449695,1.0,3.0,0
0.0,0.0,0.0,0.025334809,0.025600795,0.0,2.0,0
0.0,0.41339406,0.0,0.022790935,0.022130337,1.0,1.0,0
0.0,0.41339406,0.0,0.022790935,0.022130337,1.0,1.0,1
0.0,0.0,0.0,0.09397487,0.10985555,-1.0,58.0,0
23.890491,0.09635355,7.2428694,0.010383524,0.03513955,-1.0,5.0,0
0.0,0.0,10.738286,0.010422843,0.0013323709,-1.0,17.0,0
0.0,0.0,0.0,0.014217348,0.014412816,1.0,7.0,0
0.0,0.0,0.5387602,1e-06,0.04395854,-1.0,2.0,0
0.0,0.0,0.0,0.007139478,0.01328784,0.0,1.0,0
0.0,0.0,0.0,0.015714018,0.019650191,1.0,8.0,0
18.346594,0.034002002,3.9682631,0.01575401,0.020043734,0.0,28.0,0
0.0,0.0,1.2225195,0.018881388,0.020018999,0.0,2.0,1
0.0,0.0,1.2225195,0.018881388,0.020018999,0.0,2.0,0
0.0,0.0,1.2225195,0.018881388,0.020018999,0.0,2.0,1
0.0,0.0,0.64554864,0.0134541495,0.014192522,0.0,1.0,0
0.0,0.106431216,0.0,0.0070447484,0.00865869,1.0,6.0,0
0.0,0.0,1.7620342,0.0072176647,0.017613426,1.0,13.0,0
0.0,0.0,1.7346485,0.0070447484,0.016849827,1.0,12.0,0
0.0,0.0,4.41954,0.051152755,0.0646529,-1.0,13.0,0
0.0,0.0,0.0,0.008337601,0.011136464,0.0,2.0,0
0.0,0.0,0.0,0.00825705,0.0089114,-1.0,1.0,0
18.241934,0.027597135,4.0096073,0.024858642,0.036375344,-1.0,10.0,0
0.0,0.0,0.0,0.010873746,0.011112997,0.0,5.0,0
0.0,0.0,0.0,0.028269399,0.05981984,0.0,2.0,0
0.0,0.0,0.0,0.022265604,0.023098264,0.0,18.0,0
0.0,0.0,0.0,0.022265604,0.023098264,0.0,18.0,1
0.0,0.0,0.0,0.015788676,0.016127381,0.0,1.0,0
0.0,0.0,0.0,0.015686989,0.06415091,1.0,12.0,0
25.053822,0.39892092,4.4495296,0.02641632,0.07542929,0.0,7.0,0
0.0,0.0,4.2249565,0.006329114,0.0066225166,0.0,44.0,0
0.0,0.0,0.0,0.015805935,0.013692568,0.0,27.0,0
0.0,0.0,0.0,0.025922352,0.039673865,1.0,2.0,1
0.0,0.0,0.0,0.025922352,0.039673865,1.0,2.0,0
0.0,0.0,0.0,0.011158553,0.027793983,1.0,10.0,0
0.0,0.2705295,0.0,0.014272585,0.013042244,0.0,5.0,0
0.0,0.0,4.662392,0.014368109,0.039215166,1.0,9.0,0
0.0,0.82502735,0.120831095,0.021503618,0.014092775,0.0,4.0,0
0.0,0.0,0.0,0.022350857,0.028671363,0.0,3.0,0
0.0,0.0,0.0,0.030126585,0.02130779,0.0,15.0,0
0.0,0.0,3.275937,0.017437395,0.030841788,0.0,3.0,0
0.0,0.17361477,0.0,0.006005166,0.011613467,-1.0,3.0,0
0.0,0.02062573,3.5368218,0.012989972,0.045356635,0.0,0.0,1
0.0,0.02062573,3.5368218,0.012989972,0.045356635,0.0,0.0,0
0.0,0.0,0.0,0.009164435,0.023808999,1.0,1.0,0
0.0,0.0,0.0,0.014335464,0.22706081,0.0,6.0,0
0.0,0.0,0.0,0.011152288,0.22706081,0.0,6.0,0
0.0,0.0,0.0,0.011152288,0.22706081,0.0,6.0,1
0.0,0.0,0.0,0.0131063275,0.017923756,0.0,24.0,0
0.0,0.0,0.0,0.032802325,0.043561425,1.0,6.0,0
0.0,0.0,0.0,1e-06,0.04601175,-1.0,9.0,0
27.68064,0.4122033,4.8937383,0.028280433,0.08270861,0.0,13.0,0
22.807072,0.054367673,6.9144096,0.017666379,0.062374935,-1.0,8.0,0
0.0,0.0,1.0074451,0.027197719,0.03544818,0.0,25.0,0
20.72962,0.074430145,6.2845893,0.019643545,0.010079216,0.0,3.0,0
21.557178,0.040883727,0.0,0.022733886,0.040270824,-1.0,0.0,0
0.0,0.0,3.7840707,0.00921292,0.011857191,0.0,16.0,0
0.0,0.0,0.0,0.017206132,0.0331823,1.0,1.0,0
0.0,0.06853517,0.0,0.014492754,0.012820513,1.0,22.0,0
0.0,0.6782918,1.1518856,0.01957843,0.015852699,1.0,8.0,0
0.0,0.0,3.3183084,0.028364029,0.031113692,-1.0,89.0,0
0.0,0.0,1.2805713,1e-06,0.08470117,-1.0,2.0,0
0.0,0.0,1.2805713,1e-06,0.08470117,-1.0,2.0,1
0.0,0.20640448,0.0,0.012477949,0.0155852605,0.0,3.0,0
0.0,1.402471,0.18836513,0.025232904,0.030738052,-1.0,1.0,0
0.0,0.0,4.579353,0.010998496,0.013048878,0.0,1.0,0
0.0,0.0,0.0,0.020293644,0.06461893,0.0,0.0,0
0.0,0.0,0.0,0.015559089,0.016666668,0.0,5.0,0
0.0,0.0,4.2994103,0.014830978,0.019065332,0.0,5.0,0
0.0,0.0,0.0,0.015788676,0.02182867,1.0,1.0,0
0.0,0.0,0.0,0.013687222,0.013407892,1.0,28.0,0
0.0,0.0,0.0,0.011439982,0.011005312,1.0,0.0,0
0.0,0.0,5.460837,0.016701728,0.06981601,1.0,22.0,0
0.0,0.0,0.0,0.016849436,0.05141827,1.0,5.0,0
0.0,0.0,0.0,0.01590275,0.051881712,0.0,1.0,0
0.0,0.0,0.0,0.06362553,0.39850688,-1.0,13.0,0
0.0,0.0,1.4564607,0.015300614,0.009807579,0.0,11.0,0
0.0,0.0,2.4307032,0.015300614,0.008695652,0.0,2.0,0
28.73949,0.7657706,0.0,0.035722632,0.093824014,-1.0,19.0,0
21.89339,0.0,6.637409,0.039747123,0.05556749,-1.0,0.0,0
14.459381,0.0,3.6148453,0.014348752,0.013648648,-1.0,6.0,0
0.0,0.0,4.015071,0.0113716135,0.01608555,0.0,1.0,0
0.0,0.0,0.0,0.02861361,0.028876314,0.0,15.0,0
0.0,0.0,0.0,1e-06,0.033087384,-1.0,16.0,0
10.773323,0.06762571,2.0796657,0.009371052,0.009329688,1.0,2.0,0
0.0,0.0,5.5344915,0.017621089,0.019276299,1.0,3.0,0
0.0,0.0,0.0,0.015788676,0.014335603,1.0,1.0,0
0.0,0.0,1.1516678,0.005154639,0.005076142,1.0,28.0,0
0.0,0.0,0.0,0.023809524,0.090623364,1.0,24.0,0
0.0,1.4101931,1.6909162,1e-06,1e-06,-1.0,2.0,0
0.0,0.028109504,4.3145514,0.054572906,0.077904955,-1.0,2.0,0
0.0,0.14774676,0.0,0.018455159,0.05824113,0.0,4.0,0
0.0,0.14774676,0.0,0.018455159,0.05824113,0.0,4.0,1
0.0,0.0,0.0,0.016885936,0.020985387,1.0,2.0,0
18.471275,0.036385413,5.989945,0.020717042,0.063930094,-1.0,2.0,0
0.0,0.0,3.7630439,0.018801907,0.0207623,0.0,18.0,0
0.0,0.0,0.0,0.021980943,0.024691856,1.0,13.0,0
0.0,0.0,2.6169658,0.013546675,0.026418908,1.0,0.0,0
0.0,0.0,2.6169658,0.013546675,0.026418908,1.0,0.0,1
19.252317,0.101421915,4.1955905,0.01923077,0.018765274,1.0,20.0,0
0.0,0.0,0.0,0.015100259,0.021819407,1.0,6.0,0
0.0,0.0,2.3137631,1e-06,0.06613826,-1.0,22.0,0
35.52642,0.0,7.6349244,0.008928572,0.21758446,0.0,7.0,0
35.52642,0.0,7.6349244,0.008928572,0.21758446,0.0,7.0,1
35.52642,0.0,7.6349244,0.008928572,0.21758446,0.0,7.0,1
0.0,0.0,2.0418673,0.025939906,0.029889667,1.0,20.0,0
0.0,0.0,0.0,0.011814566,0.010526316,1.0,28.0,0
0.0,0.0,0.60656035,0.009993309,0.009105761,1.0,1.0,0
0.0,0.0,0.0,0.03303494,0.02718464,0.0,16.0,0
0.0,0.0,0.16585362,1e-06,1e-06,0.0,8.0,0
0.0,0.9894089,0.10326918,1e-06,0.02029143,1.0,66.0,0
28.112461,0.25931996,4.9698906,0.021140842,0.02994346,1.0,20.0,0
0.0,0.0,0.0,0.0126030855,0.012034924,1.0,6.0,0
0.0,0.0,0.0,0.010038987,0.033837482,0.0,1.0,0
0.0,0.0,0.9531402,1e-06,1e-06,1.0,21.0,0
0.0,0.015789187,1.2211994,0.007880088,0.009695318,0.0,9.0,0
0.0,0.0,0.0,0.01369863,0.019931192,0.0,3.0,0
0.0,0.0,0.0,0.009536741,0.007633588,0.0,9.0,0
0.0,0.0,0.0,0.015788676,0.024572851,1.0,7.0,0
0.0,0.12816855,0.0,0.015448379,0.024691658,1.0,2.0,0
0.0,1.0297916,0.09169934,1e-06,0.022373155,-1.0,25.0,0
0.0,0.0,0.0,0.017301964,0.022360465,1.0,2.0,0
15.209774,0.0,3.27198,0.009803922,0.010416667,0.0,8.0,0
0.0,0.0,2.1283684,1e-06,1e-06,-1.0,2.0,0
0.0,0.0,0.0,0.025756989,0.038284454,1.0,7.0,0
0.0,0.0,4.160602,0.019172674,0.03383202,0.0,12.0,0
0.0,0.0,2.0941076,1e-06,1e-06,-1.0,153.0,0
0.0,1.3054789,0.21809772,0.025641026,0.03504374,-1.0,20.0,0
0.0,0.0,1.1803045,1e-06,0.019602861,-1.0,16.0,0
0.0,0.0,1.1803045,1e-06,0.019602861,-1.0,16.0,0
0.0,0.0,1.8845243,1e-06,1e-06,1.0,63.0,0
0.0,0.11146347,0.0,0.013031285,0.008333334,1.0,0.0,0
0.0,0.0,0.0,0.024298329,0.06736464,0.0,4.0,1
0.0,0.0,0.0,0.024298329,0.06736464,0.0,4.0,0
0.0,0.0,1.6123965,1e-06,1e-06,-1.0,4.0,0
0.0,0.0,0.58923614,1e-06,1e-06,-1.0,12.0,0
0.0,0.0,0.58923614,1e-06,1e-06,-1.0,12.0,0
0.0,0.033107437,3.3962843,0.033333335,0.03846154,-1.0,9.0,1
0.0,0.033107437,3.3962843,0.033333335,0.03846154,-1.0,9.0,0
0.0,0.09250311,0.0,0.015121386,0.015558734,0.0,1.0,0
0.0,0.0,0.0,0.013808802,0.013278722,1.0,2.0,0
0.0,0.0,0.0,0.017206132,0.053673733,1.0,1.0,0
0.0,0.0,0.0,0.014961304,0.019413134,1.0,6.0,0
14.027737,0.030757604,4.1436334,0.012586433,0.0151529005,0.0,1.0,0
0.0,0.0,0.5096466,0.047563117,0.05248344,-1.0,18.0,1
0.0,0.0,0.5096466,0.047563117,0.05248344,-1.0,18.0,0
0.0,0.0,0.0,0.051150497,0.071048565,0.0,13.0,0
0.0,0.0,2.6018455,0.0793034,0.10591965,-1.0,22.0,0
0.0,0.0,1.4332105,0.0034310305,0.012494342,0.0,12.0,0
0.0,0.0,2.0081878,0.009307697,0.008899582,1.0,1.0,0
0.0,0.0,0.0,0.015788676,0.02478385,0.0,0.0,0
0.0,0.0,7.0385823,0.011414518,0.012977693,0.0,1.0,0
14.722879,0.06310034,5.320816,0.009469466,0.0069859712,-1.0,9.0,0
0.0,0.0,0.0,0.016849436,0.012389141,0.0,1.0,0
0.0,0.0,0.0,0.014285714,0.02521064,-1.0,27.0,0
0.0,0.09442032,3.4723892,0.039837494,0.037071,-1.0,19.0,0
0.0,0.0,0.0,0.012048192,0.08267468,-1.0,22.0,0
0.0,0.0,0.0,0.012048192,0.08267468,-1.0,22.0,1
0.0,0.06977069,3.5798087,0.032076087,0.15028799,-1.0,0.0,0
0.0,0.06977069,3.5798087,0.032076087,0.15028799,-1.0,0.0,1
0.0,0.0,0.0,0.031935923,0.06652061,-1.0,0.0,0
0.0,0.0,0.0,0.0321635,0.032747556,-1.0,0.0,0
0.0,0.0,0.0,0.014811981,0.02015633,1.0,4.0,0
0.0,0.0,2.4362364,0.0067782146,0.013432885,1.0,20.0,0
0.0,0.0,0.85352284,0.023320373,0.032330517,-1.0,8.0,0
0.0,0.34351882,0.03302981,0.013173767,0.08740863,1.0,0.0,0
0.0,0.0,0.0,0.017206132,0.034316543,1.0,1.0,0
0.0,0.0,1.375671,0.009482618,0.0034264585,1.0,25.0,0
0.0,0.0,0.0,0.013565883,0.013588147,1.0,20.0,0
0.0,0.0,0.0,0.012396759,0.010285196,1.0,17.0,1
0.0,0.0,0.0,0.012396759,0.010285196,1.0,17.0,0
0.0,0.0,1.3141587,0.008231608,0.0062111802,0.0,3.0,0
0.0,0.0,0.0,0.016644344,0.019631546,0.0,4.0,0
28.42459,0.03898864,4.9817333,0.009550681,0.07615131,0.0,5.0,0
17.414797,0.0,5.3098307,0.016259968,0.028946443,1.0,8.0,0
0.0,0.0,1.3531623,0.008350599,0.007575758,0.0,1.0,1
0.0,0.0,1.3531623,0.008350599,0.007575758,0.0,1.0,0
0.0,0.0,0.0,0.016885936,0.033260033,1.0,1.0,0
0.0,0.041471038,2.493758,0.01309852,0.016221123,0.0,6.0,0
0.0,0.0,0.0,0.012740225,0.013068516,1.0,4.0,0
28.74979,0.066326454,6.340562,0.027754845,0.14484441,-1.0,24.0,0
0.0,0.0,0.0,0.012970744,0.019643046,0.0,15.0,0
0.0,2.4612432,0.5777082,0.028571429,0.02631579,-1.0,14.0,0
0.0,0.0,0.08493744,0.015789496,0.017904358,-1.0,6.0,0
25.744236,0.06567498,5.5075397,0.014067418,0.09706632,0.0,21.0,0
0.0,0.10523199,1.9456327,0.010989011,0.012987013,1.0,19.0,0
0.0,0.0,0.0,0.011209451,0.012534038,1.0,4.0,0
0.0,0.0,0.4158231,0.011838428,0.010195348,-1.0,5.0,0
13.529715,0.98857164,3.3824286,0.028780833,0.07747514,0.0,10.0,0
0.0,0.0,2.6413198,0.021909328,0.017131587,0.0,53.0,0
0.0,0.0,0.44216532,1e-06,0.01724138,-1.0,1.0,0
0.0,0.160721,0.0,0.020988336,0.023453195,-1.0,14.0,0
0.0,0.0,4.887035,0.0079816105,0.036398504,0.0,23.0,0
0.0,0.0,5.2561603,0.03661479,0.10462299,-1.0,6.0,0
0.0,0.0,5.2561603,0.03661479,0.10462299,-1.0,6.0,1
6.388509,0.23800445,1.5971272,0.026420286,0.028859083,0.0,23.0,0
10.839418,0.07878878,3.271567,0.016394077,0.048149977,0.0,0.0,0
27.462406,0.05044618,5.8889027,0.005782694,0.15078554,0.0,20.0,0
28.363754,0.51921093,5.0146723,0.020112306,0.08270861,1.0,17.0,0
0.0,0.24830435,0.0,0.015842902,0.052762248,1.0,0.0,0
0.0,0.0,5.2520685,0.008399205,0.012465882,1.0,11.0,0
0.0,0.0,1.6458123,1e-06,1e-06,-1.0,5.0,0
0.0,0.0,0.0,0.010417758,0.032953776,1.0,27.0,0
0.0,0.12677133,0.0,0.017173922,0.016569993,1.0,5.0,0
15.090329,0.06273237,4.574928,0.02046353,0.03306805,0.0,7.0,0
15.090329,0.06273237,4.574928,0.02046353,0.03306805,0.0,7.0,1
15.947648,0.0,3.131012,0.024912337,0.027712349,0.0,27.0,0
15.947648,0.0,3.131012,0.024912337,0.027712349,0.0,27.0,1
15.947648,0.0,3.131012,0.024912337,0.027712349,0.0,27.0,0
15.926924,0.24980204,3.9717453,0.018814638,0.018358836,0.0,16.0,0
0.0,0.0,4.6594257,1e-06,0.022727273,-1.0,20.0,0
0.0,0.0,0.0,0.010658417,0.011774797,1.0,1.0,0
0.0,0.0,0.0,0.012246848,0.043324593,0.0,3.0,0
0.0,0.012185973,0.844904,0.013915761,0.013077825,0.0,0.0,0
8.818053,0.031975154,5.024804,0.022401543,0.22491921,-1.0,9.0,0
0.0,0.0,0.0,0.011320191,0.0068965517,-1.0,1.0,0
15.5061,0.042436723,4.700977,0.01087038,0.012345679,1.0,8.0,0
0.0,0.0,0.0,0.012508091,0.011289444,0.0,2.0,0
18.71727,0.0422529,4.0504932,0.009787272,0.03815987,0.0,8.0,0
0.0,0.03616742,4.846291,0.012083316,0.014095993,-1.0,24.0,0
15.5515375,0.0,5.508663,0.034715675,0.038364545,-1.0,0.0,0
15.298641,0.0,5.439328,0.034715675,0.038364545,-1.0,0.0,0
0.0,0.0,1.4134828,0.014875158,0.029166484,1.0,7.0,1
0.0,0.0,1.4134828,0.014875158,0.029166484,1.0,7.0,0
0.0,0.0,0.0,0.01263935,0.012746435,-1.0,1.0,0
0.0,0.0,6.2035637,1e-06,0.012048192,1.0,10.0,0
0.0,0.0,1.5432987,0.02748024,0.13310446,-1.0,0.0,0
12.455567,0.031159801,3.5356646,0.010279461,0.010526318,0.0,2.0,0
12.455567,0.031159801,3.5356646,0.010279461,0.010526318,0.0,2.0,1
0.0,0.0,1.2845955,1e-06,1e-06,0.0,2.0,0
0.0,0.0,1.6253586,0.014544617,0.051870782,0.0,0.0,0
0.0,0.0,0.8842881,0.018886503,0.018954504,1.0,18.0,0
0.0,0.0,7.7269235,1e-06,0.01724138,1.0,7.0,0
14.5135,0.05190512,5.479273,0.035965476,0.05515002,0.0,2.0,0
0.0,0.2329311,0.0,0.01093228,0.02918837,1.0,15.0,0
0.0,0.0,0.0,0.016105214,0.027121114,0.0,14.0,0
0.0,0.0,0.0,0.030052574,0.026026582,1.0,9.0,0
0.0,0.0,0.0,0.030052574,0.026026582,1.0,9.0,1
0.0,0.042696692,3.4789658,0.019045522,0.025353663,0.0,7.0,0
0.0,0.21821323,0.0,0.011168361,0.008236024,0.0,21.0,0
0.0,0.0,1.8677882,0.013448132,0.049133416,0.0,16.0,0
0.0,0.17288502,0.0,0.01626024,0.05180422,0.0,6.0,0
0.0,0.0,0.0,0.010883146,0.0058202986,0.0,5.0,0
0.0,0.0,0.0,0.012048192,0.012048192,1.0,4.0,0
26.54666,0.0,0.0,0.015076492,0.06914242,1.0,6.0,1
26.54666,0.0,0.0,0.015076492,0.06914242,1.0,6.0,0
0.0,0.0,1.2875087,0.014430728,0.013513514,0.0,12.0,0
0.0,0.0,2.5966294,0.014430728,0.016589446,0.0,1.0,0
0.0,0.87379754,0.13504966,0.02586404,0.025042921,1.0,26.0,0
10.286855,0.022455404,0.0,0.020597858,0.013164297,1.0,22.0,0
0.0,0.0,0.0,0.0074844807,0.017054629,0.0,8.0,0
0.0,0.0,0.0,0.0074844807,0.017054629,0.0,8.0,1
0.0,0.0,0.0,0.012803993,0.012981127,0.0,2.0,0
0.0,0.15231366,0.0,0.009607424,0.021963866,1.0,4.0,0
0.0,0.0,0.11084152,0.017989673,0.038587432,0.0,4.0,0
18.98494,0.035067983,4.2041955,0.016507866,0.030389616,0.0,10.0,0
0.0,0.0,0.0,0.010809447,0.009678752,1.0,2.0,0
0.0,0.0,0.0,0.02672971,0.03740984,0.0,17.0,0
0.0,0.0,5.8209496,0.019952673,0.036104497,0.0,13.0,0
0.0,0.0,0.0,0.023099655,0.02743084,0.0,13.0,0
11.057985,0.1534691,2.7563097,0.015632866,0.016157454,0.0,20.0,0
0.0,0.21280505,0.0,1e-06,0.05434322,1.0,17.0,0
0.0,0.0,4.7509584,1e-06,1e-06,-1.0,15.0,0
0.0,0.07705174,0.0,0.016066153,0.0176626,1.0,0.0,0
0.0,0.16127801,0.0,0.021522267,0.022380028,0.0,22.0,0
0.0,0.0,0.20925045,1e-06,0.019232523,-1.0,6.0,0
24.677563,0.04676849,6.294881,0.021936426,0.009433962,-1.0,12.0,0
0.0,0.0,2.288723,0.0062111802,0.03789538,0.0,12.0,0
0.0,0.0,0.0,0.015860531,0.025329085,0.0,9.0,0
0.0,0.0,0.0,0.017301964,0.080213696,0.0,19.0,0
0.0,0.0,0.0,0.017301964,0.035783738,0.0,5.0,0
0.0,0.10995972,0.0,0.018881116,0.01968863,1.0,2.0,0
0.0,0.0,2.2722118,1e-06,0.011436761,-1.0,7.0,0
0.0,0.0,0.0,0.014285714,0.03563301,1.0,14.0,0
0.0,0.0,0.0,0.005607259,0.0062811705,1.0,0.0,0
0.0,0.0,6.696464,0.011627907,0.011627907,1.0,18.0,0
28.187778,0.0,5.9357195,0.016966717,0.03640376,0.0,14.0,0
0.0,0.0,5.276053,1e-06,0.028258968,-1.0,2.0,0
0.0,0.5665658,0.5755575,0.014166189,0.013706601,-1.0,25.0,0
22.872044,0.07137776,6.934107,0.039792776,0.06636295,-1.0,13.0,0
0.0,0.0,0.0,0.016671384,0.014492754,1.0,5.0,0
20.077436,0.06800909,6.086867,0.010434488,0.011526171,-1.0,2.0,0
0.0,0.0,0.0,0.008629578,0.009386965,1.0,14.0,0
13.371592,0.044093035,3.5684195,0.023112874,0.018924622,1.0,5.0,0
0.0,0.0,0.0,0.015788676,0.17154269,0.0,6.0,0
20.220104,0.025913766,6.223581,0.007838963,0.021802856,-1.0,5.0,0
0.0,0.0,0.0,0.009735954,0.010288861,1.0,3.0,0
0.0,0.0,0.0,0.009735954,0.010288861,1.0,3.0,1
0.0,0.0,0.0,0.009735954,0.010288861,1.0,3.0,1
0.0,0.0,1.1595632,0.012620781,0.015803698,1.0,8.0,0
8.545998,0.0,2.470837,0.012519099,0.028091568,0.0,7.0,0
0.0,0.0,0.0,0.017206132,0.018181818,0.0,0.0,0
0.0,0.0,8.319668,0.0054054055,0.0022172949,1.0,13.0,0
16.073093,0.050701804,5.308928,0.012799889,0.029251669,1.0,16.0,0
0.0,0.0,0.0,0.018204655,0.018445939,1.0,5.0,0
0.0,0.31861776,0.0,0.022668812,0.022818152,0.0,2.0,0
27.96034,0.0,6.060445,0.018265948,0.0127762975,-1.0,6.0,0
14.730315,0.0569996,4.4657826,0.023777127,0.02891353,-1.0,0.0,0
17.600138,0.0,3.7403517,0.010869565,0.009009009,1.0,1.0,0
17.600138,0.0,3.7403517,0.010869565,0.009009009,1.0,1.0,0
0.0,0.0,0.0,0.014486512,0.012500694,0.0,15.0,0
19.375671,0.037423372,4.1358967,0.011033422,0.012469873,1.0,4.0,0
0.0,0.0,0.0,0.017047506,0.035671547,1.0,0.0,0
0.0,0.0,0.0,0.008789065,0.06600097,1.0,6.0,1
0.0,0.0,0.0,0.008789065,0.06600097,1.0,6.0,0
0.0,0.030769432,3.6740847,0.009948665,0.006060606,0.0,4.0,0
27.089893,0.035745528,0.0,0.054493807,0.2948052,-1.0,10.0,0
20.460854,0.0234381,3.8743877,0.033910584,0.076691784,-1.0,1.0,0
0.0,0.9572928,0.14619696,0.017267358,0.016533565,1.0,1.0,0
0.0,0.0,4.3678985,0.011424585,0.017002016,1.0,8.0,1
0.0,0.0,4.3678985,0.011424585,0.017002016,1.0,8.0,0
0.0,0.0,1.231972,0.00976134,0.007930802,-1.0,1.0,0
0.0,0.0,0.0,0.009426257,0.017713467,-1.0,7.0,0
34.71986,0.0,6.317429,0.057944085,0.049252473,-1.0,20.0,1
34.71986,0.0,6.317429,0.057944085,0.049252473,-1.0,20.0,0
29.373837,0.75639355,5.192612,0.0121951215,0.014084507,1.0,22.0,0
0.0,0.036832824,0.0,0.015711606,0.0144361975,1.0,12.0,0
0.0,0.0,0.0,0.010855697,0.011295506,0.0,3.0,0
0.0,0.0,0.0,0.029349744,0.037762586,1.0,10.0,0
0.0,0.090610795,3.5951884,0.009345794,0.028909087,0.0,19.0,0
16.258512,0.3095152,4.064628,0.015151516,0.02948159,0.0,25.0,0
0.0,0.0,4.483564,0.00990099,0.0074074073,0.0,16.0,0
0.0,0.0,0.0,0.018013554,0.04229472,1.0,11.0,0
20.946518,0.0,4.4917083,0.014368109,0.017151287,1.0,23.0,0
0.0,0.0,2.5024395,0.014619997,0.020328952,1.0,6.0,1
0.0,0.0,2.5024395,0.014619997,0.020328952,1.0,6.0,0
0.0,0.0,0.0,0.009499178,0.008403362,1.0,22.0,0
0.0,0.0,0.0,0.01231755,0.011663732,0.0,1.0,0
0.0,0.0,0.0,0.01231755,0.011663732,0.0,1.0,0
0.0,0.0,6.702283,1e-06,0.03722801,-1.0,0.0,0
0.0,0.0,6.702283,1e-06,0.03722801,-1.0,0.0,1
0.0,0.0,1.7199336,0.01827799,0.02365067,0.0,1.0,0
18.417942,0.015219139,3.9596486,0.019725548,0.024465675,-1.0,6.0,0
0.0,0.0,4.336488,0.03317495,0.13984996,-1.0,0.0,0
0.0,0.2282728,0.0,0.015052026,0.0148075465,0.0,7.0,0
0.0,0.0,3.3364637,0.010149468,0.0088495575,1.0,8.0,0
23.351467,0.042223852,5.0218716,0.025642509,0.21415104,1.0,26.0,0
19.564411,0.0,4.215648,0.051457055,0.057246342,1.0,4.0,0
0.0,0.0,0.0,0.024196785,0.080839105,0.0,8.0,0
0.0,0.0,0.0,0.015686989,0.016127381,0.0,3.0,0
27.380407,0.0667874,6.1187396,0.029360764,0.066701695,-1.0,3.0,0
17.179817,0.0136352135,5.0396423,0.011114694,0.16645794,0.0,5.0,0
0.0,0.064919874,3.5738952,0.008994928,0.010874951,0.0,1.0,0
0.0,0.0,0.0,0.014811981,0.043673635,0.0,2.0,0
0.0,0.0,0.0,0.014811981,0.020068511,1.0,6.0,0
0.0,0.0,0.0,0.014811981,0.030138072,0.0,4.0,0
0.0,0.1100771,0.0,0.014906171,0.031768203,1.0,25.0,0
0.0,0.0,0.0,0.010796595,0.010571279,1.0,4.0,0
8.420825,0.11913401,2.1051044,0.014925373,0.011904762,0.0,12.0,0
0.0,0.0,0.0,0.012059083,0.022503017,1.0,19.0,0
10.247288,0.06954118,3.5990348,0.013333334,0.011494253,1.0,11.0,0
22.044758,0.098189674,6.683299,0.038735043,0.049164694,-1.0,22.0,0
0.0,0.83109534,0.1320728,0.019683983,0.02299907,0.0,7.0,0
26.011963,0.050222136,5.581245,0.017286595,0.20119767,-1.0,0.0,0
0.0,0.0,0.0,0.01510214,0.08831103,0.0,6.0,0
9.197644,0.028869221,0.0,0.01896124,0.013888889,1.0,1.0,0
14.52566,0.035721228,4.401101,0.018257368,0.039843712,0.0,3.0,0
0.0,0.0,2.5035515,0.031676084,0.033044208,-1.0,0.0,0
0.0,0.28135931,0.0,0.017670523,0.015153948,1.0,7.0,0
0.0,0.0,0.0,0.016849436,0.021133065,1.0,6.0,0
0.0,0.0,0.0,0.033674005,0.019272512,1.0,7.0,0
0.0,0.0,2.943168,0.011235955,0.012370601,0.0,8.0,0
0.0,0.0,0.0,0.012820513,0.012345679,1.0,21.0,0
0.0,0.0,0.0,0.016849436,0.040918007,1.0,10.0,0
0.0,0.0,0.0,0.009994207,0.010543143,0.0,25.0,0
0.0,0.0,0.0,0.015213922,0.010409511,1.0,141.0,0
0.0,0.0,7.6651564,0.015582228,0.014834668,-1.0,13.0,0
0.0,0.0,0.0,0.0085534565,0.00847948,1.0,6.0,0
0.0,0.0,0.0,0.015788676,0.024073163,1.0,0.0,1
0.0,0.0,0.0,0.015788676,0.024073163,1.0,0.0,0
0.0,0.0,0.03154185,0.005258126,0.006484535,0.0,3.0,0
0.0,0.0,0.0,0.013635795,0.024626236,0.0,20.0,0
0.0,0.0,0.0,0.013635795,0.015161039,0.0,3.0,0
0.0,0.0,0.0,0.015788676,0.024572851,1.0,0.0,0
0.0,0.81552833,0.6110121,1e-06,1e-06,1.0,0.0,0
21.648212,0.039521854,4.687652,0.0133979125,0.056593392,1.0,6.0,0
0.0,0.0,0.50536996,0.014218933,0.014810457,0.0,9.0,0
0.0,0.0,0.0,0.013311202,0.032232378,-1.0,1.0,0
0.0,0.0,0.0,0.01963438,0.024533853,-1.0,0.0,0
0.0,0.0,0.0,0.01963438,0.024533853,-1.0,0.0,0
0.0,0.0,0.7927651,0.011839276,0.012273994,0.0,3.0,0
0.0,0.27779728,0.0,0.022462074,0.01923077,1.0,1.0,0
36.68132,0.08494576,6.823244,0.005291005,0.0967437,-1.0,14.0,0
35.013996,0.0,8.060657,0.019653646,0.019960463,-1.0,3.0,0
0.0,0.0,0.0,0.017301964,0.03685065,0.0,0.0,0
37.459984,0.12876306,8.052698,0.016181739,0.02343842,-1.0,15.0,0
0.0,0.032702662,0.0,0.023320373,0.069214314,0.0,5.0,0
10.920769,0.24723828,2.7301922,0.016237717,0.0147829205,1.0,0.0,0
0.0,0.0,0.28235552,1e-06,0.014548856,-1.0,28.0,0
19.730234,0.032506183,4.299531,0.015835658,0.049797904,-1.0,0.0,0
19.730234,0.032506183,4.299531,0.015835658,0.049797904,-1.0,0.0,1
0.0,0.0,1.8578361,0.012040471,0.010991329,-1.0,2.0,0
0.0,0.0,1.7321901,0.02170006,0.019516,0.0,1.0,0
0.0,0.0,0.0,0.016849436,0.02130779,1.0,0.0,0
0.0,0.7778171,0.16070928,0.02495778,0.017857144,0.0,4.0,0
0.0,0.0,7.9608736,0.010204081,0.010526316,-1.0,16.0,0
0.0,0.0,0.0,0.014811981,0.021193422,1.0,3.0,0
0.0,0.0,0.0,0.016582683,0.055045027,1.0,0.0,1
0.0,0.0,0.0,0.016582683,0.055045027,1.0,0.0,0
0.0,0.0,0.0,0.015374113,0.05559717,1.0,8.0,0
0.0,0.0,0.0,0.012353089,0.018518519,1.0,1.0,0
0.0,0.0,0.0,0.014924705,0.046497818,0.0,7.0,0
0.0,0.0,0.0,0.017047506,0.03144141,1.0,8.0,0
0.0,0.0,0.0,0.010204081,0.010869565,1.0,7.0,0
11.718904,0.9257606,2.929726,0.011897157,0.012820513,1.0,14.0,0
20.572489,0.090137914,3.88456,0.0025445293,0.002624672,1.0,13.0,0
0.0,0.0,0.0,0.016949153,0.018518519,1.0,12.0,0
0.0,0.0,0.0,0.024062725,0.022071714,1.0,1.0,0
0.0,0.7791892,0.10372011,0.025700204,0.07670898,1.0,15.0,0
14.69493,0.04653799,5.2808485,0.014472213,0.02789119,-1.0,3.0,0
0.0,0.0,0.10674988,0.025703646,0.025392659,0.0,16.0,0
0.0,0.0,0.12134015,0.025703646,0.0121951215,0.0,0.0,0
0.0,0.0,7.8772354,0.012898526,0.014381857,-1.0,22.0,0
0.0,0.0440961,0.0,0.016853398,0.017324492,1.0,1.0,0
0.0,0.0,0.0,0.016654823,0.045059543,0.0,10.0,1
0.0,0.0,0.0,0.016654823,0.045059543,0.0,10.0,0
0.0,0.0,0.0,0.010958705,0.008327931,0.0,9.0,0
0.0,0.0,0.0,0.010958705,0.008548711,0.0,14.0,0
0.0,0.0,0.20986448,0.01649632,0.018224308,0.0,26.0,0
0.0,0.0,0.20986448,0.01649632,0.018224308,0.0,26.0,1
0.0,0.0,0.0,0.03037773,0.028909752,-1.0,10.0,0
0.0,0.0,0.25293207,1e-06,0.02349363,1.0,17.0,0
0.0,0.0,1.4670055,0.0121829165,0.01121313,0.0,4.0,0
0.0,0.0,1.6849306,0.016498325,0.03630635,-1.0,2.0,0
0.0,0.0,0.0,0.016849436,0.12395904,0.0,0.0,0
0.0,0.11456306,0.0,0.009904436,0.008332015,0.0,4.0,1
0.0,0.11456306,0.0,0.009904436,0.008332015,0.0,4.0,0
0.0,0.0,0.0,0.010392993,0.004048583,0.0,16.0,0
0.0,0.24930942,0.0,0.024002085,0.034263674,1.0,25.0,0
11.742203,0.28531164,2.9355507,0.016139844,0.014942067,1.0,0.0,0
0.0,0.0,0.0,0.012136866,0.031007174,1.0,23.0,0
9.799394,0.08029496,3.4621763,0.031498514,0.028163379,1.0,14.0,0
0.0,0.0,0.0,0.026985675,0.04175932,1.0,2.0,0
24.40386,0.028425677,5.233561,0.057733342,0.20379499,-1.0,14.0,0
0.0,0.08796562,0.0,0.013678313,0.011196483,0.0,10.0,0
0.0,0.0,0.0,0.037789173,0.033646233,0.0,8.0,0
0.0,0.26843545,0.0,0.024002085,0.05339727,0.0,21.0,0
10.360933,0.21630162,2.5900247,0.014033016,0.011649968,1.0,11.0,0
21.039804,0.043610398,4.5701714,0.012864857,0.011638488,1.0,1.0,0
21.039804,0.043610398,4.5701714,0.012864857,0.011638488,1.0,1.0,1
0.0,0.0,0.0,0.017206132,0.018181818,0.0,0.0,0
10.469422,0.03487421,3.172267,0.0118177235,0.013161082,0.0,5.0,0
0.0,0.0,0.0,0.018867925,0.03058739,1.0,13.0,0
0.0,0.0,0.0,0.01725465,0.01632502,1.0,16.0,0
0.0,0.24083087,0.0,0.017502699,0.017517073,1.0,39.0,0
0.0,0.0,0.0,0.009985821,0.020849312,0.0,8.0,0
0.0,0.0,0.0,0.017206132,0.029441932,1.0,0.0,0
8.495983,0.024967778,2.4717045,0.013100519,0.011791526,1.0,3.0,0
0.0,0.19325002,0.0,0.015447801,0.014094098,1.0,7.0,0
1.977148,0.030113408,1.3953886,0.010752688,0.011494253,1.0,8.0,0
0.0,0.0,4.057732,0.0173003,0.014705882,1.0,7.0,0
0.0,0.0,4.057732,0.0173003,0.014705882,1.0,7.0,1
17.259356,0.22695889,4.314839,0.019710617,0.023956079,-1.0,0.0,0
17.027569,0.29601482,2.8261898,0.018006574,0.12609091,-1.0,2.0,0
0.0,0.0,0.0,0.014811981,0.10692156,1.0,5.0,1
0.0,0.0,0.0,0.014811981,0.10692156,1.0,5.0,0
0.0,0.092236415,0.0,1e-06,0.019524775,1.0,13.0,0
29.390966,0.055183448,6.378894,0.029115347,0.04926686,0.0,24.0,0
0.0,0.0,0.6697854,0.008375323,0.015887894,0.0,0.0,0
0.0,0.0,0.0,0.017301964,0.063136905,1.0,4.0,1
0.0,0.0,0.0,0.017301964,0.063136905,1.0,4.0,0
25.738815,0.10300278,5.525623,0.016006032,0.023637028,1.0,8.0,0
0.0,0.0,2.0804543,0.0061591165,0.0063608005,1.0,3.0,0
0.0,0.0,1.6063864,0.016588576,0.017045733,0.0,0.0,0
0.0,0.0,5.918081,0.0072122356,0.0073030107,0.0,22.0,1
0.0,0.0,5.918081,0.0072122356,0.0073030107,0.0,22.0,1
0.0,0.0,5.918081,0.0072122356,0.0073030107,0.0,22.0,0
0.0,0.0,5.9153833,0.0072122356,0.004347826,0.0,12.0,1
0.0,0.0,5.9153833,0.0072122356,0.004347826,0.0,12.0,0
0.0,0.0,0.97157276,1e-06,1e-06,0.0,16.0,0
0.0,0.0,0.0,0.0070725144,0.0062252195,0.0,23.0,0
0.0,0.0,0.0,0.0050953603,0.00574974,0.0,0.0,0
27.88985,0.07486762,6.012374,0.03365732,0.030094415,-1.0,10.0,0
0.0,0.0,0.058919713,1e-06,1e-06,0.0,3.0,0
0.0,0.0,0.4861997,1e-06,1e-06,-1.0,27.0,0
0.0,0.0,0.0,0.017180119,0.06329164,0.0,2.0,1
0.0,0.0,0.0,0.017180119,0.06329164,0.0,2.0,0
0.0,0.1818998,0.87865895,0.021299368,0.028853687,0.0,1.0,0
0.0,0.0,1.3794204,1e-06,0.007848511,1.0,11.0,0
0.0,0.0,0.0,0.010204081,0.010989011,-1.0,1.0,0
0.0,0.0,0.0,0.03809887,0.22375436,-1.0,1.0,0
0.0,0.0,0.0,0.012658372,0.014878367,0.0,14.0,0
0.0,0.0,1.4508811,0.01092669,0.01241167,0.0,13.0,0
0.0,0.0,2.9233778,0.008683506,0.005586592,-1.0,1.0,0
13.914808,0.29157284,3.478702,0.011494253,0.045372296,1.0,11.0,0
0.0,0.0,0.0,0.016885936,0.01724138,1.0,2.0,0
0.0,0.0,2.8605118,0.012323776,0.028983545,1.0,22.0,0
0.0,0.31164998,0.0,0.014084507,0.015384615,1.0,23.0,0
0.0,0.0,1.406283,0.012515911,0.03456046,1.0,24.0,0
0.0,0.0,1.406283,0.012515911,0.03456046,1.0,24.0,1
0.0,0.0,1.406283,0.012515911,0.03456046,1.0,24.0,1
0.0,0.0,0.0,0.014906191,0.011831957,0.0,0.0,0
14.669287,0.104662776,3.4193943,0.018665701,0.008196721,0.0,3.0,0
0.0,0.0,0.0,0.016849436,0.0015698588,0.0,27.0,0
0.0,0.0,0.075706355,0.008560262,0.008949761,1.0,63.0,0
0.0,0.0,0.0,0.016671384,0.018518519,1.0,23.0,0
0.0,0.0,0.0,0.016671384,0.018518519,1.0,23.0,0
13.521559,0.027369877,4.0993247,0.022001373,0.02255971,1.0,13.0,0
0.0,0.0,0.0,0.015788676,0.024572851,0.0,5.0,0
21.344843,0.39919907,0.0,0.040386945,0.042651635,1.0,27.0,0
35.814693,0.061692953,2.8825257,0.020652674,0.037768554,1.0,20.0,0
0.0,0.0,0.0,0.010546797,0.038362667,1.0,3.0,0
29.414656,0.0,6.3059397,0.022287657,0.22235301,1.0,26.0,0
31.4518,0.059652694,6.749459,0.042612847,0.042896792,-1.0,28.0,0
0.0,0.0,2.4997804,0.011764081,0.010526316,1.0,1.0,0
0.0,0.0,0.0,0.038808588,0.23790988,-1.0,3.0,1
0.0,0.0,0.0,0.038808588,0.23790988,-1.0,3.0,0
0.0,0.25457394,0.0,0.015139466,0.018677048,0.0,0.0,0
0.0,0.0,2.9839456,0.011627907,0.009708738,1.0,13.0,0
13.061894,0.024249902,3.9587164,0.019085357,0.03690206,0.0,28.0,0
0.0,0.0,2.5308714,1e-06,1e-06,1.0,21.0,0
0.0,0.0,4.9959536,1e-06,1e-06,-1.0,25.0,0
0.0,0.0,4.9959536,1e-06,1e-06,-1.0,25.0,1
39.092964,5.0666056,6.9585094,0.026352799,0.034000546,-1.0,18.0,0
0.0,0.0,0.0,0.007739299,0.0070964466,0.0,6.0,0
0.0,0.0,6.1263885,1e-06,0.008177036,1.0,1.0,0
14.682216,0.18811432,3.670554,0.014753009,0.034057453,0.0,1.0,0
0.0,0.0,0.0,0.019047186,0.123159185,1.0,62.0,0
24.323286,0.0,7.374079,0.021848384,0.36597186,0.0,9.0,1
24.323286,0.0,7.374079,0.021848384,0.36597186,0.0,9.0,0
0.0,0.0,0.0,0.015788676,0.038775973,0.0,0.0,0
0.0,0.0,0.0,0.03134112,0.03219013,1.0,24.0,0
0.0,0.0,0.0,0.01253962,0.06544151,0.0,1.0,0
0.0,0.0,3.3334556,1e-06,1e-06,-1.0,3.0,0
0.0,0.17036709,0.0,0.018867925,0.0125,1.0,12.0,0
0.0,0.0,0.13688815,1e-06,1e-06,0.0,1.0,0
0.0,0.0,4.4010615,1e-06,1e-06,-1.0,26.0,0
0.0,0.0,2.216386,1e-06,1e-06,-1.0,11.0,0
11.842093,0.0963072,2.9532118,0.013895518,0.015559943,1.0,42.0,0
11.842093,0.0963072,2.9532118,0.013895518,0.015559943,1.0,42.0,0
0.0,0.0,0.40740824,0.0073915105,0.008568719,1.0,22.0,0
13.949026,0.020419663,4.2304077,0.01846131,0.05798399,0.0,9.0,0
25.173769,0.0,5.395844,0.028152514,0.20379499,1.0,10.0,0
0.0,0.0,0.0,0.014811981,0.021193422,1.0,9.0,0
0.0,0.0,0.0,0.014811981,0.013933901,1.0,3.0,0
0.0,0.0,1.5680099,0.017544175,0.020146126,1.0,4.0,0
0.0,0.0,0.0,0.017601289,0.017445525,0.0,7.0,0
26.06297,0.0,5.5922318,0.026980298,0.11586352,-1.0,4.0,0
0.0,0.0,2.1952014,0.017755443,0.027863482,1.0,1.0,0
0.0,0.02826266,0.8668907,0.0055438885,0.011111111,1.0,114.0,0
0.0,0.0,0.0,0.014903695,0.015922751,0.0,1.0,0
23.879093,0.059648324,0.0,0.013513514,0.13838288,1.0,3.0,0
8.500475,0.028523747,2.4656267,0.0125719,0.030951997,1.0,10.0,0
0.0,0.0,0.08774198,0.010039679,0.0070422534,1.0,3.0,0
0.0,0.0,0.0,0.017206132,0.046456132,1.0,3.0,0
17.10862,0.0,5.4633465,1e-06,1e-06,-1.0,20.0,0
17.10862,0.0,5.4633465,1e-06,1e-06,-1.0,20.0,1
15.32827,0.13340765,3.8320675,0.018125577,0.018807735,1.0,7.0,0
22.209488,0.039506864,7.190686,1e-06,0.030303031,-1.0,11.0,0
0.0,0.046000887,0.0,0.016014839,0.0154286,1.0,0.0,1
0.0,0.046000887,0.0,0.016014839,0.0154286,1.0,0.0,0
0.0,0.14843678,0.0,0.019612793,0.06970688,-1.0,6.0,0
0.0,0.20775717,0.0,0.019710617,0.021617413,-1.0,5.0,0
0.0,0.20775717,0.0,0.019710617,0.021617413,-1.0,5.0,0
14.663902,0.1800619,3.6659756,0.01812006,0.017467085,0.0,4.0,0
0.0,0.0,0.0,0.007569329,0.008422563,0.0,23.0,0
0.0,0.0,0.0,0.007569329,0.008422563,0.0,23.0,0
